ano,banco_origem,nome_produto,quantidade,ranking
2024,ORACLE,Petisco Bifinho,550,1
2024,ORACLE,Racao Premium Caes,544,2
2024,ORACLE,Racao Premium Gatos,507,3
2024,ORACLE,Coleira Nylon,358,4
2024,ORACLE,Guia Retratil,247,5
2024,ORACLE,Shampoo Pet,241,6
2024,ORACLE,Antipulgas,233,7
2024,ORACLE,Corda Mordedor,201,8
2024,ORACLE,Vermifugo,195,9
2024,ORACLE,Bola Borracha,187,10
2024,ORACLE,Tapete Higienico Premium,138,11
2024,ORACLE,Comedouro Inox,127,12
2024,ORACLE,Osso Mastigavel Natural,122,13
2024,ORACLE,Escova para Pelos,118,14
2024,ORACLE,Cama Luxo,98,15
2024,ORACLE,Caixa de Transporte,89,16
2024,ORACLE,Bebedouro Automatico,81,17
2025,ORACLE,Racao Premium Caes,623,1
2025,ORACLE,Racao Premium Gatos,449,2
2025,ORACLE,Petisco Bifinho,386,3
2025,ORACLE,Coleira Nylon,366,4
2025,ORACLE,Antipulgas,286,5
2025,ORACLE,Guia Retratil,262,6
2025,ORACLE,Corda Mordedor,227,7
2025,ORACLE,Shampoo Pet,226,8
2025,ORACLE,Vermifugo,216,9
2025,ORACLE,Tapete Higienico Premium,144,10
2025,ORACLE,Comedouro Inox,126,11
2025,ORACLE,Bola Borracha,124,12
2025,ORACLE,Escova para Pelos,101,13
2025,ORACLE,Osso Mastigavel Natural,98,14
2025,ORACLE,Cama Luxo,84,15
2025,ORACLE,Bebedouro Automatico,79,16
2025,ORACLE,Caixa de Transporte,56,17
