ano,banco_origem,cidade,nome_produto,valor,ranking
2024,ORACLE,Salvador,Racao Premium Caes,70665.60,1
2024,ORACLE,Salvador,Racao Premium Gatos,60789.30,2
2024,ORACLE,Salvador,Antipulgas,18616.70,3
2024,ORACLE,Salvador,Guia Retratil,16277.30,4
2024,ORACLE,Salvador,Cama Luxo,14690.20,5
2024,ORACLE,Salvador,Caixa de Transporte,14231.10,6
2024,ORACLE,Salvador,Tapete Higienico Premium,12406.20,7
2024,ORACLE,Salvador,Coleira Nylon,10704.20,8
2024,ORACLE,Salvador,Vermifugo,9730.50,9
2024,ORACLE,Salvador,Bebedouro Automatico,9711.90,10
2024,ORACLE,Salvador,Shampoo Pet,8410.90,11
2024,ORACLE,Salvador,Petisco Bifinho,8195.00,12
2024,ORACLE,Salvador,Comedouro Inox,5067.30,13
2024,ORACLE,Salvador,Corda Mordedor,5004.90,14
2024,ORACLE,Salvador,Bola Borracha,3721.30,15
2024,ORACLE,Salvador,Osso Mastigavel Natural,2989.00,16
2024,ORACLE,Salvador,Escova para Pelos,2230.20,17
2025,ORACLE,Salvador,Racao Premium Caes,80927.70,1
2025,ORACLE,Salvador,Racao Premium Gatos,53835.10,2
2025,ORACLE,Salvador,Antipulgas,22851.40,3
2025,ORACLE,Salvador,Guia Retratil,17265.80,4
2025,ORACLE,Salvador,Tapete Higienico Premium,12945.60,5
2025,ORACLE,Salvador,Cama Luxo,12591.60,6
2025,ORACLE,Salvador,Coleira Nylon,10943.40,7
2025,ORACLE,Salvador,Vermifugo,10778.40,8
2025,ORACLE,Salvador,Bebedouro Automatico,9472.10,9
2025,ORACLE,Salvador,Caixa de Transporte,8954.40,10
2025,ORACLE,Salvador,Shampoo Pet,7887.40,11
2025,ORACLE,Salvador,Petisco Bifinho,5751.40,12
2025,ORACLE,Salvador,Corda Mordedor,5652.30,13
2025,ORACLE,Salvador,Comedouro Inox,5027.40,14
2025,ORACLE,Salvador,Bola Borracha,2467.60,15
2025,ORACLE,Salvador,Osso Mastigavel Natural,2401.00,16
2025,ORACLE,Salvador,Escova para Pelos,1908.90,17
