banco_origem,categoria,nome_produto,quantidade,valor
ORACLE,Acessórios,Coleira Nylon,724,21647.60
ORACLE,Comedouros,Comedouro Inox,253,10094.70
ORACLE,Acessórios,Guia Retratil,509,33543.10
ORACLE,SEM CATEGORIA,Caixa de Transporte,145,23185.50
ORACLE,Brinquedos,Corda Mordedor,428,10657.20
ORACLE,Petiscos,Petisco Bifinho,936,13946.40
ORACLE,SEM CATEGORIA,Bebedouro Automatico,160,19184.00
ORACLE,SEM CATEGORIA,Tapete Higienico Premium,282,25351.80
ORACLE,Medicamentos,Vermifugo,411,20508.90
ORACLE,Camas,Cama Luxo,182,27281.80
ORACLE,SEM CATEGORIA,Escova para Pelos,219,4139.10
ORACLE,Higiene,Shampoo Pet,467,16298.30
ORACLE,Rações,Racao Premium Caes,1167,151593.30
ORACLE,Rações,Racao Premium Gatos,956,114624.40
ORACLE,Brinquedos,Bola Borracha,311,6188.90
ORACLE,Medicamentos,Antipulgas,519,41468.10
ORACLE,SEM CATEGORIA,Osso Mastigavel Natural,220,5390.00
